"CHR","START","END","N_MRK","MEAN_MRK","MAX_MRK","N_EXTR_MRK","PERC_EXTR_MRK","MEAN_EXTR_MRK"
3,50000,180000,338,3.10772827982976,15.954589770191,67,19.82,10.4495876490109
6,730000,840000,171,0.857682897916069,7.65567602991635,7,4.09,6.41312070706685
6,1040000,1260000,212,2.85091081269291,15.954589770191,36,16.98,10.4343849844477
8,430000,530000,171,1.64569431139757,15.954589770191,15,8.77,9.13404623373645
10,1370000,1620000,655,2.54755028342481,15.954589770191,114,17.4,11.0104803817973
12,860000,1020000,126,2.59757348003194,15.954589770191,17,13.49,11.545833486338
